Workbook

Sheet 1. Introduction
A1: Conjoint Analysis — Dell Laptop Case Study
A3: Business Problem
A4: Dell wants to launch a new 4GB RAM laptop. Lenovo and HP already compete in this space. Conjoint analysis decomposes overall preference into part-worth utilities for each attribute level, telling us (a) what customers value most, and (b) how to configure the product.
A8: Attributes and Levels
A9: Attribute | B9: Levels | C9: Base Level (reference)
A10: Brand | B10: Lenovo, HP, Dell | C10: Lenovo
A11: Processor | B11: Dual core, Quad core | C11: Dual core
A12: Screen | B12: 15", 17", 21" | C12: 15"
A13: RAM | B13: 2 GB, 4 GB, 8 GB | C13: 2 GB
A14: Price | B14: Rs. 40,000 | 45,000 | 55,000 | C14: Rs. 40,000
A17: Full factorial = 3 × 2 × 3 × 3 × 3 = 162 combinations. We use a 16-card orthogonal fractional design plus 3 holdout cards for validation.
A20: How to use this workbook
A21: Sheet 2 — Design & Ratings | B21: 16 product cards with dummy-variable encoding. Yellow cells are your preference ratings (0–10). Change any to see live recalculation.
A22: Sheet 3 — Regression | B22: Runs OLS via LINEST. Outputs all 9 coefficients + intercept. R-squared shown for fit quality.
A23: Sheet 4 — Part-Worth Utilities | B23: Translates regression coefficients into part-worths for each attribute level. Base level = 0.
A24: Sheet 5 — Attribute Importance | B24: Calculates % importance per attribute (range method) with bar chart.
A25: Sheet 6 — Validation | B25: Predicts ratings for 3 holdout cards using the estimated part-worths. Compare to actual ratings to assess external validity.
A28: Cell color legend
A29: Blue text | B29: Hardcoded inputs (ratings)
A30: Black text | B30: Formulas (calculated)
A31: Yellow fill | B31: Cells you can edit
A32: Green fill | B32: Key output / part-worth

Sheet 2. Design & Ratings
A1: Orthogonal Design Matrix with Dummy Variables
A2: Each card shows attribute levels (cols B–F) and the corresponding dummy variable encoding (cols G–O). Yellow cells in column P are preference ratings 0–10 — edit these to test scenarios.
G4: ← Dummy variables (1 if level present, 0 otherwise) →
A5: Card | B5: Brand | C5: Processor | D5: Screen | E5: RAM | F5: Price | G5: HP | H5: DL | I5: Pquad | J5: S17 | K5: S21 | L5: R4 | M5: R8 | N5: P45 | O5: P55 | P5: Rating
A6: 1 | B6: Dell | C6: Quad core | D6: 21 inch | E6: 8 GB | F6: Rs 45000 | G6: =IF(B6="HP",1,0) -> 0 | H6: =IF(B6="Dell",1,0) -> 1 | I6: =IF(C6="Quad core",1,0) -> 1 | J6: =IF(D6="17 inch",1,0) -> 0 | K6: =IF(D6="21 inch",1,0) -> 1 | L6: =IF(E6="4 GB",1,0) -> 0 | M6: =IF(E6="8 GB",1,0) -> 1 | N6: =IF(F6="Rs 45000",1,0) -> 1 | O6: =IF(F6="Rs 55000",1,0) -> 0 | P6: 9
A7: 2 | B7: HP | C7: Dual core | D7: 17 inch | E7: 8 GB | F7: Rs 40000 | G7: =IF(B7="HP",1,0) -> 1 | H7: =IF(B7="Dell",1,0) -> 0 | I7: =IF(C7="Quad core",1,0) -> 0 | J7: =IF(D7="17 inch",1,0) -> 1 | K7: =IF(D7="21 inch",1,0) -> 0 | L7: =IF(E7="4 GB",1,0) -> 0 | M7: =IF(E7="8 GB",1,0) -> 1 | N7: =IF(F7="Rs 45000",1,0) -> 0 | O7: =IF(F7="Rs 55000",1,0) -> 0 | P7: 7
A8: 3 | B8: Lenovo | C8: Quad core | D8: 21 inch | E8: 4 GB | F8: Rs 40000 | G8: =IF(B8="HP",1,0) -> 0 | H8: =IF(B8="Dell",1,0) -> 0 | I8: =IF(C8="Quad core",1,0) -> 1 | J8: =IF(D8="17 inch",1,0) -> 0 | K8: =IF(D8="21 inch",1,0) -> 1 | L8: =IF(E8="4 GB",1,0) -> 1 | M8: =IF(E8="8 GB",1,0) -> 0 | N8: =IF(F8="Rs 45000",1,0) -> 0 | O8: =IF(F8="Rs 55000",1,0) -> 0 | P8: 7
A9: 4 | B9: HP | C9: Quad core | D9: 15 inch | E9: 2 GB | F9: Rs 45000 | G9: =IF(B9="HP",1,0) -> 1 | H9: =IF(B9="Dell",1,0) -> 0 | I9: =IF(C9="Quad core",1,0) -> 1 | J9: =IF(D9="17 inch",1,0) -> 0 | K9: =IF(D9="21 inch",1,0) -> 0 | L9: =IF(E9="4 GB",1,0) -> 0 | M9: =IF(E9="8 GB",1,0) -> 0 | N9: =IF(F9="Rs 45000",1,0) -> 1 | O9: =IF(F9="Rs 55000",1,0) -> 0 | P9: 5.5
A10: 5 | B10: Lenovo | C10: Quad core | D10: 15 inch | E10: 8 GB | F10: Rs 40000 | G10: =IF(B10="HP",1,0) -> 0 | H10: =IF(B10="Dell",1,0) -> 0 | I10: =IF(C10="Quad core",1,0) -> 1 | J10: =IF(D10="17 inch",1,0) -> 0 | K10: =IF(D10="21 inch",1,0) -> 0 | L10: =IF(E10="4 GB",1,0) -> 0 | M10: =IF(E10="8 GB",1,0) -> 1 | N10: =IF(F10="Rs 45000",1,0) -> 0 | O10: =IF(F10="Rs 55000",1,0) -> 0 | P10: 7
A11: 6 | B11: Lenovo | C11: Dual core | D11: 15 inch | E11: 8 GB | F11: Rs 45000 | G11: =IF(B11="HP",1,0) -> 0 | H11: =IF(B11="Dell",1,0) -> 0 | I11: =IF(C11="Quad core",1,0) -> 0 | J11: =IF(D11="17 inch",1,0) -> 0 | K11: =IF(D11="21 inch",1,0) -> 0 | L11: =IF(E11="4 GB",1,0) -> 0 | M11: =IF(E11="8 GB",1,0) -> 1 | N11: =IF(F11="Rs 45000",1,0) -> 1 | O11: =IF(F11="Rs 55000",1,0) -> 0 | P11: 5
A12: 7 | B12: HP | C12: Quad core | D12: 15 inch | E12: 4 GB | F12: Rs 55000 | G12: =IF(B12="HP",1,0) -> 1 | H12: =IF(B12="Dell",1,0) -> 0 | I12: =IF(C12="Quad core",1,0) -> 1 | J12: =IF(D12="17 inch",1,0) -> 0 | K12: =IF(D12="21 inch",1,0) -> 0 | L12: =IF(E12="4 GB",1,0) -> 1 | M12: =IF(E12="8 GB",1,0) -> 0 | N12: =IF(F12="Rs 45000",1,0) -> 0 | O12: =IF(F12="Rs 55000",1,0) -> 1 | P12: 5
A13: 8 | B13: Lenovo | C13: Dual core | D13: 17 inch | E13: 4 GB | F13: Rs 45000 | G13: =IF(B13="HP",1,0) -> 0 | H13: =IF(B13="Dell",1,0) -> 0 | I13: =IF(C13="Quad core",1,0) -> 0 | J13: =IF(D13="17 inch",1,0) -> 1 | K13: =IF(D13="21 inch",1,0) -> 0 | L13: =IF(E13="4 GB",1,0) -> 1 | M13: =IF(E13="8 GB",1,0) -> 0 | N13: =IF(F13="Rs 45000",1,0) -> 1 | O13: =IF(F13="Rs 55000",1,0) -> 0 | P13: 4.5
A14: 9 | B14: Dell | C14: Quad core | D14: 17 inch | E14: 8 GB | F14: Rs 55000 | G14: =IF(B14="HP",1,0) -> 0 | H14: =IF(B14="Dell",1,0) -> 1 | I14: =IF(C14="Quad core",1,0) -> 1 | J14: =IF(D14="17 inch",1,0) -> 1 | K14: =IF(D14="21 inch",1,0) -> 0 | L14: =IF(E14="4 GB",1,0) -> 0 | M14: =IF(E14="8 GB",1,0) -> 1 | N14: =IF(F14="Rs 45000",1,0) -> 0 | O14: =IF(F14="Rs 55000",1,0) -> 1 | P14: 7
A15: 10 | B15: Dell | C15: Dual core | D15: 15 inch | E15: 2 GB | F15: Rs 40000 | G15: =IF(B15="HP",1,0) -> 0 | H15: =IF(B15="Dell",1,0) -> 1 | I15: =IF(C15="Quad core",1,0) -> 0 | J15: =IF(D15="17 inch",1,0) -> 0 | K15: =IF(D15="21 inch",1,0) -> 0 | L15: =IF(E15="4 GB",1,0) -> 0 | M15: =IF(E15="8 GB",1,0) -> 0 | N15: =IF(F15="Rs 45000",1,0) -> 0 | O15: =IF(F15="Rs 55000",1,0) -> 0 | P15: 5.5
A16: 11 | B16: Lenovo | C16: Dual core | D16: 15 inch | E16: 8 GB | F16: Rs 55000 | G16: =IF(B16="HP",1,0) -> 0 | H16: =IF(B16="Dell",1,0) -> 0 | I16: =IF(C16="Quad core",1,0) -> 0 | J16: =IF(D16="17 inch",1,0) -> 0 | K16: =IF(D16="21 inch",1,0) -> 0 | L16: =IF(E16="4 GB",1,0) -> 0 | M16: =IF(E16="8 GB",1,0) -> 1 | N16: =IF(F16="Rs 45000",1,0) -> 0 | O16: =IF(F16="Rs 55000",1,0) -> 1 | P16: 4
A17: 12 | B17: HP | C17: Dual core | D17: 21 inch | E17: 8 GB | F17: Rs 55000 | G17: =IF(B17="HP",1,0) -> 1 | H17: =IF(B17="Dell",1,0) -> 0 | I17: =IF(C17="Quad core",1,0) -> 0 | J17: =IF(D17="17 inch",1,0) -> 0 | K17: =IF(D17="21 inch",1,0) -> 1 | L17: =IF(E17="4 GB",1,0) -> 0 | M17: =IF(E17="8 GB",1,0) -> 1 | N17: =IF(F17="Rs 45000",1,0) -> 0 | O17: =IF(F17="Rs 55000",1,0) -> 1 | P17: 6
... A21: 16 | B21: Lenovo | C21: Dual core | D21: 21 inch | E21: 2 GB | F21: Rs 55000 | G21: =IF(B21="HP",1,0) -> 0 | H21: =IF(B21="Dell",1,0) -> 0 | I21: =IF(C21="Quad core",1,0) -> 0 | J21: =IF(D21="17 inch",1,0) -> 0 | K21: =IF(D21="21 inch",1,0) -> 1 | L21: =IF(E21="4 GB",1,0) -> 0 | M21: =IF(E21="8 GB",1,0) -> 0 | N21: =IF(F21="Rs 45000",1,0) -> 0 | O21: =IF(F21="Rs 55000",1,0) -> 1 | P21: 3
A23: Note: | B23: Pre-filled ratings reflect plausible consumer preferences (premium brand, more cores, bigger screen, more RAM, lower price). Edit any rating to see how part-worths shift.

Sheet 3. Regression
A1: OLS Regression — Estimating Part-Worth Coefficients
A3: Model
A4: Rating = α + βHP·HP + βDL·DL + βPquad·Pquad + βS17·S17 + βS21·S21 + βR4·R4 + βR8·R8 + βP45·P45 + βP55·P55 + ε
A7: Coefficients (from LINEST on Sheet 2)
A8: Variable | B8: Coefficient | C8: Meaning
A9: Intercept (α) | B9: =INDEX(LINEST('2. Design & Ratings'!$P$6:$P$21,'2. Design & Ratings'!$G$6:$O$21,TRUE(),FALSE()),1,10) -> 3.9375 | C9: Base utility: Lenovo, Dual core, 15", 2 GB, Rs 40,000
A10: βHP | B10: =INDEX(LINEST('2. Design & Ratings'!$P$6:$P$21,'2. Design & Ratings'!$G$6:$O$21,TRUE(),FALSE()),1,9) -> 0.9375 | C10: HP vs Lenovo (brand)
A11: βDL | B11: =INDEX(LINEST('2. Design & Ratings'!$P$6:$P$21,'2. Design & Ratings'!$G$6:$O$21,TRUE(),FALSE()),1,8) -> 1.5625 | C11: Dell vs Lenovo (brand)
A12: βPquad | B12: =INDEX(LINEST('2. Design & Ratings'!$P$6:$P$21,'2. Design & Ratings'!$G$6:$O$21,TRUE(),FALSE()),1,7) -> 1.25 | C12: Quad core vs Dual core (processor)
A13: βS17 | B13: =INDEX(LINEST('2. Design & Ratings'!$P$6:$P$21,'2. Design & Ratings'!$G$6:$O$21,TRUE(),FALSE()),1,6) -> 0.4375 | C13: 17" vs 15" (screen)
A14: βS21 | B14: =INDEX(LINEST('2. Design & Ratings'!$P$6:$P$21,'2. Design & Ratings'!$G$6:$O$21,TRUE(),FALSE()),1,5) -> 1.0625 | C14: 21" vs 15" (screen)
A15: βR4 | B15: =INDEX(LINEST('2. Design & Ratings'!$P$6:$P$21,'2. Design & Ratings'!$G$6:$O$21,TRUE(),FALSE()),1,4) -> 0.75 | C15: 4 GB vs 2 GB (RAM)
A16: βR8 | B16: =INDEX(LINEST('2. Design & Ratings'!$P$6:$P$21,'2. Design & Ratings'!$G$6:$O$21,TRUE(),FALSE()),1,3) -> 1.75 | C16: 8 GB vs 2 GB (RAM)
A17: βP45 | B17: =INDEX(LINEST('2. Design & Ratings'!$P$6:$P$21,'2. Design & Ratings'!$G$6:$O$21,TRUE(),FALSE()),1,2) -> -0.625 | C17: Rs 45,000 vs Rs 40,000 (price)
A18: βP55 | B18: =INDEX(LINEST('2. Design & Ratings'!$P$6:$P$21,'2. Design & Ratings'!$G$6:$O$21,TRUE(),FALSE()),1,1) -> -1.8125 | C18: Rs 55,000 vs Rs 40,000 (price)
A20: Model fit
A21: R² | B21: =INDEX(LINEST('2. Design & Ratings'!$P$6:$P$21,'2. Design & Ratings'!$G$6:$O$21,TRUE(),TRUE()),3,1) -> 0.99552773 | C21: Proportion of preference variance explained by the model
A24: Technical note
A25: LINEST returns coefficients in REVERSE order of the X-variable columns. We use INDEX(LINEST(...),1,n) to pull each one. The X range on Sheet 2 is columns G–O (HP, DL, Pquad, S17, S21, R4, R8, P45, P55), so index 9 = HP and index 1 = P55.

Sheet 4. Part-Worths
A1: Part-Worth Utilities by Attribute Level
A2: Part-worth = utility contribution of a specific level. The base (reference) level is set to 0; other levels = base + regression coefficient. Higher = more preferred.
A5: Attribute | B5: Level | C5: Part-Worth | D5: Notes
A6: Brand | B6: Lenovo | C6: 0 | D6: Base level
B7: HP | C7: ='3. Regression'!B10 -> 0.9375 | D7: From βHP
B8: Dell | C8: ='3. Regression'!B11 -> 1.5625 | D8: From βDL
A9: Processor | B9: Dual core | C9: 0 | D9: Base level
B10: Quad core | C10: ='3. Regression'!B12 -> 1.25 | D10: From βPquad
A11: Screen | B11: 15 inch | C11: 0 | D11: Base level
B12: 17 inch | C12: ='3. Regression'!B13 -> 0.4375 | D12: From βS17
B13: 21 inch | C13: ='3. Regression'!B14 -> 1.0625 | D13: From βS21
A14: RAM | B14: 2 GB | C14: 0 | D14: Base level
B15: 4 GB | C15: ='3. Regression'!B15 -> 0.75 | D15: From βR4
B16: 8 GB | C16: ='3. Regression'!B16 -> 1.75 | D16: From βR8
A17: Price | B17: Rs 40,000 | C17: 0 | D17: Base level
B18: Rs 45,000 | C18: ='3. Regression'!B17 -> -0.625 | D18: From βP45
B19: Rs 55,000 | C19: ='3. Regression'!B18 -> -1.8125 | D19: From βP55
A21: How to read
A22: A larger part-worth means the level adds more utility. Negative price part-worths are expected — higher prices reduce preference. The base level's part-worth is 0 by convention; all other levels are measured relative to it. To compute the total utility of any laptop configuration, sum the part-worths of its five levels.

Sheet 5. Importance
A1: Attribute Importance — Range Method
A2: Importance of an attribute = range of its part-worths (max − min) divided by the sum of ranges across all attributes. Tells us how much each attribute drives preference.
A5: Attribute | B5: Max part-worth | C5: Min part-worth | D5: Range | E5: Importance %
A6: Brand | B6: =MAX('4. Part-Worths'!C6:C8) -> 1.5625 | C6: =MIN('4. Part-Worths'!C6:C8) -> 0 | D6: =B6-C6 -> 1.5625 | E6: =D6/SUM($D$6:$D$10) -> 0.21008403
A7: Processor | B7: =MAX('4. Part-Worths'!C9:C10) -> 1.25 | C7: =MIN('4. Part-Worths'!C9:C10) -> 0 | D7: =B7-C7 -> 1.25 | E7: =D7/SUM($D$6:$D$10) -> 0.16806723
A8: Screen | B8: =MAX('4. Part-Worths'!C11:C13) -> 1.0625 | C8: =MIN('4. Part-Worths'!C11:C13) -> 0 | D8: =B8-C8 -> 1.0625 | E8: =D8/SUM($D$6:$D$10) -> 0.14285714
A9: RAM | B9: =MAX('4. Part-Worths'!C14:C16) -> 1.75 | C9: =MIN('4. Part-Worths'!C14:C16) -> 0 | D9: =B9-C9 -> 1.75 | E9: =D9/SUM($D$6:$D$10) -> 0.23529412
A10: Price | B10: =MAX('4. Part-Worths'!C17:C19) -> 0 | C10: =MIN('4. Part-Worths'!C17:C19) -> -1.8125 | D10: =B10-C10 -> 1.8125 | E10: =D10/SUM($D$6:$D$10) -> 0.24369748
A11: Total | D11: =SUM(D6:D10) -> 7.4375 | E11: =SUM(E6:E10) -> 1
A33: Interpretation
A34: The attribute with the highest importance % is the strongest preference driver and should anchor product positioning and messaging. The attribute with the lowest is a candidate to standardize or take cost out of, since customers don't reward variation in it.

Sheet 6. Validation
A1: Holdout Validation — Predicting Ratings for 3 New Cards
A2: Use the part-worths estimated from the 16 training cards to predict ratings on 3 holdout cards. Compare predicted vs. actual to assess external validity.
A5: Card | B5: Brand | C5: Processor | D5: Screen | E5: RAM | F5: Price | G5: HP | H5: DL | I5: Pquad | J5: S17 | K5: S21 | L5: R4 | M5: R8 | N5: P45 | O5: P55 | P5: Predicted | Q5: Actual | R5: Error
A6: 1 | B6: Lenovo | C6: Quad core | D6: 21 inch | E6: 8 GB | F6: Rs 40000 | G6: =IF(B6="HP",1,0) -> 0 | H6: =IF(B6="Dell",1,0) -> 0 | I6: =IF(C6="Quad core",1,0) -> 1 | J6: =IF(D6="17 inch",1,0) -> 0 | K6: =IF(D6="21 inch",1,0) -> 1 | L6: =IF(E6="4 GB",1,0) -> 0 | M6: =IF(E6="8 GB",1,0) -> 1 | N6: =IF(F6="Rs 45000",1,0) -> 0 | O6: =IF(F6="Rs 55000",1,0) -> 0 | P6: ='3. Regression'!$B$9+G6*'3. Regression'!$B$10+H6*'3. Regression'!$B$11+I6*'3. Regression'!$B$12+J6*'3. Regression'!$B$13+K6*'3. Regression'!$B$14+L6*'3. Regression'!$B$15+M6*'3. Regression'!$B$16+N6*'3. Regression'!$B$17+O6*'3. Regression'!$B$18 -> 8 | Q6: 8 | R6: =P6-Q6 -> 0
A7: 2 | B7: Dell | C7: Dual core | D7: 17 inch | E7: 2 GB | F7: Rs 55000 | G7: =IF(B7="HP",1,0) -> 0 | H7: =IF(B7="Dell",1,0) -> 1 | I7: =IF(C7="Quad core",1,0) -> 0 | J7: =IF(D7="17 inch",1,0) -> 1 | K7: =IF(D7="21 inch",1,0) -> 0 | L7: =IF(E7="4 GB",1,0) -> 0 | M7: =IF(E7="8 GB",1,0) -> 0 | N7: =IF(F7="Rs 45000",1,0) -> 0 | O7: =IF(F7="Rs 55000",1,0) -> 1 | P7: ='3. Regression'!$B$9+G7*'3. Regression'!$B$10+H7*'3. Regression'!$B$11+I7*'3. Regression'!$B$12+J7*'3. Regression'!$B$13+K7*'3. Regression'!$B$14+L7*'3. Regression'!$B$15+M7*'3. Regression'!$B$16+N7*'3. Regression'!$B$17+O7*'3. Regression'!$B$18 -> 4.125 | Q7: 4 | R7: =P7-Q7 -> 0.125
A8: 3 | B8: Lenovo | C8: Dual core | D8: 15 inch | E8: 4 GB | F8: Rs 40000 | G8: =IF(B8="HP",1,0) -> 0 | H8: =IF(B8="Dell",1,0) -> 0 | I8: =IF(C8="Quad core",1,0) -> 0 | J8: =IF(D8="17 inch",1,0) -> 0 | K8: =IF(D8="21 inch",1,0) -> 0 | L8: =IF(E8="4 GB",1,0) -> 1 | M8: =IF(E8="8 GB",1,0) -> 0 | N8: =IF(F8="Rs 45000",1,0) -> 0 | O8: =IF(F8="Rs 55000",1,0) -> 0 | P8: ='3. Regression'!$B$9+G8*'3. Regression'!$B$10+H8*'3. Regression'!$B$11+I8*'3. Regression'!$B$12+J8*'3. Regression'!$B$13+K8*'3. Regression'!$B$14+L8*'3. Regression'!$B$15+M8*'3. Regression'!$B$16+N8*'3. Regression'!$B$17+O8*'3. Regression'!$B$18 -> 4.6875 | Q8: 5 | R8: =P8-Q8 -> -0.3125
A11: Mean Absolute Error (MAE) | P11: =AVERAGE(ABS(R6),ABS(R7),ABS(R8)) -> 0.14583333
A12: Correlation (Predicted vs Actual) | P12: =CORREL(P6:P8,Q6:Q8) -> 0.99419163
A15: How to interpret
A16: • | B16: Correlation > 0.8 → model generalizes well to new product configurations
A17: • | B17: MAE close to 0 → predictions are accurate in absolute terms
A18: • | B18: If both fail, the model may be over-fit to the 16 training cards or the design may need more variation
